label,message
ham,Can we meet tomorrow for lunch?
spam,You have been selected for a opportunity to win an iPhone. Click here to claim your prize.
ham,Can we meet tomorrow for lunch?
spam,Congratulations! You've won angstrom unit $1000 Walmart empower card. Go to our site to claim now.
ham,Can we meet tomorrow for lunch?
spam,Congratulations! You've won a $1000 Walmart gift card. Go to our situation to claim now.
ham,Can we meet tomorrow for lunch?
spam,You have been selected for group a chance to deliver the goods an iPhone. Click here to claim your prize.
ham,"Hey, are you coming to the party tonight?"
spam,Congratulations! You've won a $1000 Walmart natural endowment card. Go to our site to claim now.
ham,Can we meet tomorrow for lunch?
spam,You have been choose for a chance to win an iPhone. click here to claim your prize.
ham,"Hey, are you coming to the party tonight?"
spam,You have exist choose for a chance to advance an iPhone. Click here to claim your prize.
ham,"Hey, are you coming to the political party tonight?"
spam,You have been selected for a chance to win an iPhone. Click here to claim your prize.
ham,"Hey, are you coming to the party tonight?"
spam,Congratulations! You've pull ahead a $1000 Walmart gift card. Go to our site to claim now.
ham,Can we meet tomorrow for lunch?
spam,You have been selected for a chance to win an iPhone. Click here to exact your prize.
ham,Can we fit tomorrow for lunch?
spam,You stimulate been take for a chance to win an iPhone. Click here to claim your prize.
ham,"Hey, are you coming to the party tonight?"
spam,You have exist selected for antiophthalmic factor probability to win an iPhone. Click here to claim your prize.
ham,Can we forgather tomorrow for lunch?
spam,Congratulations! You've won a $1000 Walmart gift card. Go to our land site to claim now.
ham,Can we meet tomorrow for lunch?
spam,Congratulations! You've won angstrom unit $1000 Walmart gift card. Go to our site to claim now.
ham,Can we foregather tomorrow for lunch?
spam,You have been selected for a chance to win an iPhone. Click hither to claim your prize.
ham,behind we meet tomorrow for lunch?
spam,You have cost selected for a chance to win an iPhone. tick here to claim your prize.
ham,Can we adjoin tomorrow for lunch?
spam,Congratulations! You've won a $1000 Walmart gift card. Go to our site to claim now.
ham,Can we meet tomorrow for lunch?
spam,Congratulations! You've won a $1000 Walmart gift card. Go to our site to claim now.
ham,ass we contact tomorrow for lunch?
spam,Congratulations! You've won a $1000 Walmart gift card. Go to our site to claim now.
ham,bum we converge tomorrow for lunch?
spam,You have follow selected for a chance to win an iPhone. Click here to claim your prize.
ham,Can we meet tomorrow for lunch?
spam,You have got been selected for a chance to win associate in nursing iPhone. Click here to claim your prize.
ham,Can we satisfy tomorrow for lunch?
spam,You have been select for a chance to win an iPhone. Click hera to claim your prize.
ham,"Hey, are you coming to the party tonight?"
spam,Congratulations! You've won a $1000 Walmart empower card. Go to our site to claim now.
ham,Can we meet tomorrow for lunch?
spam,You have personify selected for a chance to win an iPhone. Click here to call your prize.
ham,"Hey, are you coming to the party tonight?"
spam,You have been selected for a chance to win an iPhone. clink here to claim your prize.
ham,"Hey, are you coming to the party tonight?"
spam,You have been selected for adenine chance to win an iPhone. Click here to title your prize.
ham,Can we play tomorrow for lunch?
spam,You have been selected for a chance to win associate in nursing iPhone. fall into place here to claim your prize.
ham,Can we come across tomorrow for lunch?
spam,Congratulations! You've won a $1000 Walmart gift card. Go to our site to claim now.
ham,Can we meet tomorrow for lunch?
spam,You have been selected for a chance to win an iPhone. dog here to claim your prize.
ham,"Hey, are you coming to the party tonight?"
spam,Congratulations! You've won adenine $1000 Walmart gift card. Go to our site to claim now.
ham,"Hey, are you coming to the political party tonight?"
spam,You have been selected for type a chance to win an iPhone. Click here to claim your prize.
ham,Can we meet tomorrow for lunch?
spam,Congratulations! You've won a $1000 Walmart gift card. Go to our web site to claim now.
ham,Can we meet tomorrow for lunch?
spam,You have been selected for angstrom unit chance to win an iPhone. Click here to claim your prize.
ham,Can we meet tomorrow for lunch?
spam,You take in been selected for a chance to make headway an iPhone. pawl hera to claim your prize.
ham,"Hey, equal you descend to the party tonight?"
spam,Congratulations! You've won deoxyadenosine monophosphate $1000 Walmart gift card. Go to our site to claim now.
ham,Can we meet tomorrow for lunch?
spam,Congratulations! You've won a $1000 Walmart gift card. Go to our site to claim now.
ham,"Hey, represent you coming to the party tonight?"
spam,Congratulations! You've won a $1000 Walmart gift card. Go to our site to claim now.
ham,"Hey, comprise you coming to the company tonight?"
spam,Congratulations! You've won a $1000 Walmart gift card. Go to our site to claim now.
ham,Can we meet tomorrow for lunch?
spam,Congratulations! You've won a $1000 Walmart gift card. Go to our place to claim now.
ham,"Hey, be you coming to the party tonight?"
spam,You have been selected for a adventure to win an iPhone. Click here to claim your prize.
ham,"Hey, are you coming to the party tonight?"
spam,You take in been selected for a chance to win an iPhone. Click here to claim your prize.
ham,"Hey, are you get along to the party tonight?"
spam,Congratulations! You've make headway a $1000 Walmart gift card. Go to our site to claim now.
ham,"Hey, personify you coming to the party tonight?"
spam,You have been take for a chance to win an iPhone. Click here to claim your prize.
ham,Can we meet tomorrow for lunch?
spam,Congratulations! You've won antiophthalmic factor $1000 Walmart gift card. Go to our site to claim now.
ham,"Hey, represent you forthcoming to the party tonight?"
spam,You have been take for a chance to win an iPhone. penetrate here to claim your prize.
ham,Can we suffer tomorrow for lunch?
spam,You bear been selected for a chance to get ahead an iPhone. Click here to claim your prize.
ham,"Hey, are you total to the party tonight?"
spam,You have been selected for a chance to win an iPhone. get across here to claim your prize.
ham,Can we get together tomorrow for lunch?
spam,You birth been selected for a chance to win an iPhone. Click here to arrogate your prize.
ham,bottom we cope with tomorrow for lunch?
spam,You have embody selected for a chance to win an iPhone. Click here to claim your prize.
ham,Can we meet tomorrow for lunch?
spam,You have been selected for a chance to win an iPhone. Click here to claim your prize.
ham,"Hey, are you issue forth to the party tonight?"
spam,Congratulations! You've won a $1000 Walmart gift card. Go to our site to claim now.
ham,"Hey, are you coming to the party tonight?"
spam,You have equal selected for a chance to win an iPhone. get through here to claim your prize.
ham,"Hey, are you come up to the company tonight?"
spam,You make been selected for a chance to win an iPhone. Click here to claim your prize.
ham,Can we meet tomorrow for lunch?
spam,You have been selected for a chance to win an iPhone. Click here to claim your prize.
ham,"Hey, are you coming to the party tonight?"
spam,Congratulations! You've won a $1000 Walmart gift card. Go to our site to claim now.
ham,Can we meet tomorrow for lunch?
spam,Congratulations! You've won a $1000 Walmart gift card. Go to our site to lay claim now.
ham,Can we assemble tomorrow for lunch?
spam,You have make up take for a adventure to win an iPhone. Click here to claim your prize.
ham,"Hey, live you coming to the party tonight?"
spam,Congratulations! You've won antiophthalmic factor $1000 Walmart gift card. Go to our site to claim now.
ham,"Hey, are you coming to the party tonight?"
spam,Congratulations! You've won a $1000 Walmart gift card. give way to our site to title now.
ham,Can we meet tomorrow for lunch?
spam,You have been selected for deoxyadenosine monophosphate chance to win an iPhone. Click here to take your prize.
ham,Can we meet tomorrow for lunch?
spam,Congratulations! You've won vitamin a $1000 Walmart gift card. Go to our site to claim now.
ham,"Hey, are you coming to the party tonight?"
spam,You have personify choose for a chance to win an iPhone. Click here to claim your prize.
ham,"Hey, are you get along to the party tonight?"
spam,Congratulations! You've won a $1000 Walmart gift card. Go to our website to claim now.
ham,Can we meet tomorrow for lunch?
spam,Congratulations! You've won a $1000 Walmart gift card. Go to our site to claim now.
ham,"Hey, follow you coming to the party tonight?"
spam,Congratulations! You've won a $1000 Walmart gift card. Go to our site to claim now.
ham,"Hey, are you derive to the party tonight?"
spam,You give birth been selected for a chance to win an iPhone. Click here to claim your prize.
ham,tin we meet tomorrow for lunch?
spam,Congratulations! You've deliver the goods a $1000 Walmart gift card. ecstasy to our site to claim now.
ham,Can we meet tomorrow for lunch?
spam,Congratulations! You've won a $1000 Walmart gift card. Go to our site to claim now.
ham,Can we meet tomorrow for lunch?
spam,You have been pick out for a take a chance to winnings an iPhone. Click here to lay claim your prize.
ham,Can we foregather tomorrow for lunch?
spam,You have been selected for group a opportunity to win an iPhone. Click hither to claim your prize.
ham,"Hey, constitute you coming to the party tonight?"
spam,You have been selected for a chance to come through an iPhone. Click here to claim your prize.
ham,displace we meet tomorrow for lunch?
spam,You take make up selected for a luck to win associate in nursing iPhone. fall into place hither to claim your prize.
ham,"Hey, are you coming to the party tonight?"
spam,Congratulations! You've pull ahead a $1000 Walmart gift card. Go to our site to exact now.
ham,"Hey, are you coming to the party tonight?"
spam,You have been selected for a chance to win an iPhone. Click here to claim your prize.
ham,Can we meet tomorrow for lunch?
spam,You have been selected for a bump to win an iPhone. mouse click hither to claim your prize.
ham,Can we fitting tomorrow for lunch?
spam,You have been selected for a encounter to win an iPhone. Click here to claim your prize.
ham,"Hey, are you coming to the party tonight?"
spam,Congratulations! You've won a $1000 Walmart gift card. endure to our website to claim now.
ham,Can we meet tomorrow for lunch?
spam,Congratulations! You've won a $1000 Walmart gift card. Go to our site to claim now.
ham,"Hey, are you coming to the party tonight?"
spam,You sustain been selected for a chance to win an iPhone. Click here to claim your prize.
ham,Can we meet tomorrow for lunch?
spam,Congratulations! You've won a $1000 Walmart gift card. Go to our site to claim now.
ham,"Hey, are you coming to the party tonight?"
spam,You have been selected for a chance to win an iPhone. Click here to claim your prize.
ham,"Hey, are you coming to the party tonight?"
spam,You have been pick out for a chance to win an iPhone. Click here to claim your prize.
ham,keister we meet tomorrow for lunch?
spam,Congratulations! You've won a $1000 Walmart gift card. Go to our site to title now.
ham,"Hey, are you coming to the party tonight?"
spam,Congratulations! You've win a $1000 Walmart gift card. Go to our site to claim now.
ham,"Hey, are you coming to the party tonight?"
spam,Congratulations! You've won a $1000 Walmart gift card. Go to our site to claim now.
ham,"Hey, are you coming to the party tonight?"
spam,Congratulations! You've won a $1000 Walmart gift card. Go to our site to lay claim now.
ham,Can we play tomorrow for lunch?
spam,You have been selected for a chance to win an iPhone. get across here to claim your prize.
ham,"Hey, are you coming to the party tonight?"
spam,You have been selected for a chance to win an iPhone. clack here to claim your prize.
ham,Can we meet tomorrow for lunch?
spam,Congratulations! You've won a $1000 Walmart give card. Go to our site to claim now.
ham,"Hey, are you coming to the party tonight?"
spam,You have been selected for a probability to win an iPhone. Click here to claim your prize.
ham,"Hey, are you coming to the party tonight?"
spam,You have comprise selected for a prospect to win associate in nursing iPhone. Click here to claim your prize.
ham,"Hey, are you coming to the party tonight?"
spam,You have been selected for a chance to win an iPhone. Click here to claim your prize.
ham,posterior we meet tomorrow for lunch?
spam,Congratulations! You've won a $1000 Walmart gift card. Go to our site to claim now.
ham,Can we meet tomorrow for lunch?
spam,You have been selected for axerophthol chance to win an iPhone. Click here to take your prize.
ham,stool we meet tomorrow for lunch?
spam,You have make up selected for a probability to win an iPhone. Click here to claim your prize.
ham,Can we meet tomorrow for lunch?
spam,You have been selected for a chance to advance an iPhone. Click here to claim your prize.
ham,"Hey, are you coming to the party tonight?"
spam,Congratulations! You've won a $1000 Walmart gift card. Go to our site to arrogate now.
ham,Can we come across tomorrow for lunch?
spam,Congratulations! You've won a $1000 Walmart endue card. Go to our site to call now.
ham,prat we meet tomorrow for lunch?
spam,Congratulations! You've make headway a $1000 Walmart gift card. Go to our site to claim now.
ham,"Hey, embody you coming to the party tonight?"
spam,You have comprise selected for a chance to winnings associate in nursing iPhone. Click here to exact your prize.
